name,source,gender,wikidata,type
"Chaussée de Dinant",wikidata,,Q108247,way
"Chaussée de Louvain",wikidata,,Q118958,way
"Chaussée de Louvain - Chaussée de Namur",wikidata,,Q118958,way
"Rue du Pont de Louvain",wikidata,,Q118958,way
(Privé),,,,way
"Accès RAVeL",,,,way
"Al'Tchôde Ewe",,,,way
"Allée Campagne du Marronnier",,,,way
"Allée Chant des Oiseaux",,,,way
"Allée Saint-Vincent",,,,way
"Allée Verte",,,,way
"Allée de Fribourg",,,,way
"Allée de Hulpia",,,,way
"Allée de Menton",,,,way
"Allée de Néris",,,,way
"Allée de Tertibu",,,,way
"Allée de la Brasserie",,,,way
"Allée de la Cerisaie",,,,way
"Allée de la Closerie",,,,way
"Allée de la Grande Taille",,,,way
"Allée des Alouettes",,,,way
"Allée des Bergeronettes",,,,way
"Allée des Cerisiers",,,,way
"Allée des Chanterelles",,,,way
"Allée des Fauvettes",,,,way
"Allée des Fleurs",,,,way
"Allée des Glycines",,,,way
"Allée des Mésanges",,,,way
"Allée des Ormes",,,,way
"Allée des Piverts",,,,way
"Allée des Primeroses",,,,way
"Allée des Rhododendrons",,,,way
"Allée des Roitelets",,,,way
"Allée des Rosiers",,,,way
"Allée du Hibou",,,,way
"Allée du Moulin à Vent",,,,way
"Allée du Néviau",,,,way
"Allée du Souvenir",,,,way
"Ancien Rivage",,,,way
"Ancien pont du tram",,,,way
"Au Ritchî",,,,way
"Autoroute de Wallonie",,,,way
"Avenue Albert 1er",,,,way
"Avenue Antoine Woitrin",,,,way
"Avenue Arthur Procès",,,,way
"Avenue Baron Fallon",,,,way
"Avenue Baron Louis Huart",,,,way
"Avenue Baron de Lhoneux",,,,way
"Avenue Baron de Moreau",,,,way
"Avenue Bel Air",,,,way
"Avenue Blanche de Namur",,,,way
"Avenue Cardinal Mercier",,,,way
"Avenue Charles Capelle",,,,way
"Avenue Comte de Smet de Nayer",,,,way
"Avenue Constant de Montpellier",,,,way
"Avenue Félicien Rops",,,,way
"Avenue Fernand Golenvaux",,,,way
"Avenue Gouverneur Bovesse",,,,way
"Avenue Jean Delhaye",,,,way
"Avenue Jean Ier",,,,way
"Avenue Jean Pochet",,,,way
"Avenue Joseph Abras",,,,way
"Avenue Léopold II",,,,way
"Avenue Marcel Gourdin",,,,way
"Avenue Marie d'Artois",,,,way
"Avenue Maurice des Ombiaux",,,,way
"Avenue Parc d'Amée",,,,way
"Avenue Prince de Liège",,,,way
"Avenue Reine Elisabeth",,,,way
"Avenue Sart Paradis",,,,way
"Avenue Sergent Vrithoff",,,,way
"Avenue Vauban",,,,way
"Avenue d'Ecolys",,,,way
"Avenue de Celles",,,,way
"Avenue de Falichamp",,,,way
"Avenue de Luxembourg",,,,way
"Avenue de Marlagne",,,,way
"Avenue de Stassart",,,,way
"Avenue de Tabora",,,,way
"Avenue de l'Epine Vinette",,,,way
"Avenue de l'Ermitage",,,,way
"Avenue de la Citadelle",,,,way
"Avenue de la Closière",,,,way
"Avenue de la Dame",,,,way
"Avenue de la Gare",,,,way
"Avenue de la Lavande",,,,way
"Avenue de la Pairelle",,,,way
"Avenue de la Plante",,,,way
"Avenue de la Redoute",,,,way
"Avenue de la Sauge",,,,way
"Avenue de la Vecquée",,,,way
"Avenue des Acacias",,,,way
"Avenue des Aduatiques",,,,way
"Avenue des Champs Élysées",,,,way
"Avenue des Combattants",,,,way
"Avenue des Croix du Feu",,,,way
"Avenue des Cytises",,,,way
"Avenue des Dessus de Lives",,,,way
"Avenue des Prisonniers",,,,way
"Avenue des Trieux",,,,way
"Avenue des Vieux Murs",,,,way
"Avenue des Vignes",,,,way
"Avenue du Bois Carré",,,,way
"Avenue du Bois Williame",,,,way
"Avenue du Bois l'Evêque",,,,way
"Avenue du Bon Air",,,,way
"Avenue du Bourgmestre Jean Materne",,,,way
"Avenue du Camp",,,,way
"Avenue du Champeau",,,,way
"Avenue du Château de Beez",,,,way
"Avenue du Milieu du Monde",,,,way
"Avenue du Panorama",,,,way
"Avenue du Parc",,,,way
"Avenue du Parc d'Andoy",,,,way
"Avenue du Parc de Wépion",,,,way
"Avenue du Petit Sart",,,,way
"Avenue du Printemps",,,,way
"Avenue du Romarin",,,,way
"Avenue du Transvaal",,,,way
"Avenue du Val Saint-Georges",,,,way
"Avenue du Val d'Or",,,,way
"Barrière d'En-Bas",,,,way
"Barrière d'En-Haut",,,,way
"Barrière de Bayet",,,,way
Basse-Fontaine,,,,way
Basse-Montagne,,,,way
Basses-Calenges,,,,way
"Batys Chapelle",,,,way
"Batys de Soye",,,,way
"Beau Champ",,,,way
Berlandi,,,,way
"Bien Monseu",,,,way
"Bois Saint Antoine",,,,way
"Bois d'Repiat",,,,way
"Bois de Ban",,,,way
"Bois du Chetois",,,,way
"Boulevard Cauchy",,,,way
"Boulevard Ernest Mélot",,,,way
"Boulevard Isabelle Brunell",,,,way
"Boulevard d'Herbatte",,,,way
"Boulevard de Chiny",,,,way
"Boulevard de Merckem",,,,way
"Boulevard de la Meuse",,,,way
"Boulevard du Nord",,,,way
Champ-Ha,,,,way
"Château d'Andoy",,,,way
"Chaussée Nationale 4",,,,way
"Chaussée de Charleroi",,,,way
"Chaussée de Liège",,,,way
"Chaussée de Marche",,,,way
"Chaussée de Namur",,,,way
"Chaussée de Nivelles",,,,way
"Chaussée de Perwez",,,,way
"Chaussée de Waterloo",,,,way
"Chemin 10",,,,way
"Chemin 19",,,,way
"Chemin 20",,,,way
"Chemin 21",,,,way
"Chemin 32",,,,way
"Chemin 33",,,,way
"Chemin 72",,,,way
"Chemin Bérenger",,,,way
"Chemin Berlacomine",,,,way
"Chemin Bouillot / GR 126",,,,way
"Chemin Fernand Severin - Chemin 4",,,,way
"Chemin Gribousine",,,,way
"Chemin Jauquet",,,,way
"Chemin Notre-Dame au Bois / GR 126",,,,way
"Chemin Pierreux",,,,way
"Chemin Prunelliers-Ch-Purnalîs",,,,way
"Chemin Racine",,,,way
"Chemin Romagnesi",,,,way
"Chemin Vas t'y frotte",,,,way
"Chemin Vert",,,,way
"Chemin Vicinal",,,,way
"Chemin à Pani",,,,way
"Chemin aux Tables",,,,way
"Chemin d'Auvelais",,,,way
"Chemin d'Erpent",,,,way
"Chemin d'Hautebise",,,,way
"Chemin de Beauloye",,,,way
"Chemin de Bierlinfosse",,,,way
"Chemin de Boninne",,,,way
"Chemin de Coquelet",,,,way
"Chemin de Corbeaufosse",,,,way
"Chemin de Djétronri",,,,way
"Chemin de Fleurus",,,,way
"Chemin de Halage",,,,way
"Chemin de Malpaire",,,,way
"Chemin de Maulenne",,,,way
"Chemin de Maupelin",,,,way
"Chemin de Morivaux",,,,way
"Chemin de Moustier",,,,way
"Chemin de Plomcot",,,,way
"Chemin de Potisseau",,,,way
"Chemin de Reumont",,,,way
"Chemin de Saint Héribert",,,,way
"Chemin de Sainte-Anne",,,,way
"Chemin de Serimont",,,,way
"Chemin de Wépion",,,,way
"Chemin de Winant",,,,way
"Chemin de l'Atelier",,,,way
"Chemin de l'Épervier",,,,way
"Chemin de l'Espinois",,,,way
"Chemin de la Caracole",,,,way
"Chemin de la Citadelle",,,,way
"Chemin de la Clairière",,,,way
"Chemin de la Cloche",,,,way
"Chemin de la Corniche",,,,way
"Chemin de la Ferme",,,,way
"Chemin de la Foliette",,,,way
"Chemin de la Gatte d'Or",,,,way
"Chemin de la Huche",,,,way
"Chemin de la Magne",,,,way
"Chemin de la Maie - È l'Maî",,,,way
"Chemin de la Meuse",,,,way
"Chemin de la Noire Terre",,,,way
"Chemin de la Plaine",,,,way
"Chemin de la Pompe",,,,way
"Chemin de la Roche",,,,way
"Chemin de la Roseraie",,,,way
"Chemin de la Sablonnière",,,,way
"Chemin de la Taille au Vivier",,,,way
"Chemin de la Terre Bocquia",,,,way
"Chemin de la Traverse",,,,way
"Chemin de la Vieille Sambre",,,,way
"Chemin de la ferme Focroule",,,,way
"Chemin des Accourres",,,,way
"Chemin des Aides",,,,way
"Chemin des Ajoncs",,,,way
"Chemin des Alaudes",,,,way
"Chemin des Amandiers",,,,way
"Chemin des Archiducs",,,,way
"Chemin des Bancs",,,,way
"Chemin des Bateliers",,,,way
"Chemin des Batys",,,,way
"Chemin des Blés",,,,way
"Chemin des Boeufs",,,,way
"Chemin des Bouvreuils",,,,way
"Chemin des Burnes",,,,way
"Chemin des Campagnes",,,,way
"Chemin des Collets",,,,way
"Chemin des Comognes",,,,way
"Chemin des Coteaux",,,,way
"Chemin des Deux Pays",,,,way
"Chemin des Deux-Pays",,,,way
"Chemin des Écoliers",,,,way
"Chemin des Étangs",,,,way
"Chemin des Grasses Oies",,,,way
"Chemin des Italiens / GR 126",,,,way
"Chemin des Loriots",,,,way
"Chemin des Marronniers",,,,way
"Chemin des Matines",,,,way
"Chemin des Mélèzes",,,,way
"Chemin des Merisiers",,,,way
"Chemin des Mines",,,,way
"Chemin des Pêcheurs",,,,way
"Chemin des Pierres",,,,way
"Chemin des Ranchauds",,,,way
"Chemin des Renards",,,,way
"Chemin des Ritènes",,,,way
"Chemin des Sauverdias",,,,way
"Chemin des Sources",,,,way
"Chemin des Trois Fortins",,,,way
"Chemin des Vergers",,,,way
"Chemin des Vignerons",,,,way
"Chemin des Vignobles",,,,way
"Chemin des heureux",,,,way
"Chemin du Beau Vallon",,,,way
"Chemin du Bienvenu",,,,way
"Chemin du Blanc Batys",,,,way
"Chemin du Bois",,,,way
"Chemin du Bois Cayet",,,,way
"Chemin du Bois de Gazia",,,,way
"Chemin du Bois du Curé",,,,way
"Chemin du Bois du Duc",,,,way
"Chemin du Bonnier",,,,way
"Chemin du Cabaca",,,,way
"Chemin du Chêne Jacqueline",,,,way
"Chemin du Commandant L’Entrée",,,,way
"Chemin du Cratère",,,,way
"Chemin du Foncier",,,,way
"Chemin du Fontillois",,,,way
"Chemin du Fort d'Orange",,,,way
"Chemin du Fort de Malonne",,,,way
"Chemin du Fort de Marchovelette",,,,way
"Chemin du Fort de Suarlée",,,,way
"Chemin du Four",,,,way
"Chemin du Gerbier",,,,way
"Chemin du Grand Ry",,,,way
"Chemin du Gros Sous",,,,way
"Chemin du Gros-Buisson",,,,way
"Chemin du Herdier-Petit-Bois",,,,way
"Chemin du Luminaire",,,,way
"Chemin du Masuage",,,,way
"Chemin du Mirador",,,,way
"Chemin du Petit Pré",,,,way
"Chemin du Pont de Briques",,,,way
"Chemin du Raidillon",,,,way
"Chemin du Roi Albert",,,,way
"Chemin du Saint-Désert",,,,way
"Chemin du Trou au Guy",,,,way
"Chemin du Vieux Port",,,,way
"Chemin i1",,,,way
"Chemin i37",,,,way
"Chemin les Tombes",,,,way
"Chemin militaire",,,,way
"Chemin n°44",,,,way
"Chemin n°6",,,,way
"Chemin n°i3",,,,way
"Chemin vicinal 1",,,,way
"Chemin vicinal 12b",,,,way
"Chemin vicinal 13",,,,way
"Chemin vicinal 2",,,,way
"Chemin vicinal 25",,,,way
"Chemin vicinal 26",,,,way
"Chemin vicinal 29",,,,way
"Chemin vicinal 30b",,,,way
"Chemin vicinal 9",,,,way
"Chemin-Herdier-Hautes Calenges",,,,way
"Cité Belle-Vue",,,,way
"Cité Floréal",,,,way
"Cité Germinal d'Asty Moulin",,,,way
"Cité Germinal, Résidence Baccara",,,,way
"Cité Germinal, Résidence Karina",,,,way
"Cité Germinal, Résidence Sylvia",,,,way
"Cité Provis",,,,way
"Cité du Parc de Naninne",,,,way
"Clos Vert",,,,way
"Clos de la Cense",,,,way
"Clos de la Verveine",,,,way
"Clos des Angéliques des Prés",,,,way
"Clos des Aubépines",,,,way
"Clos des Baies Sauvages",,,,way
"Clos des Bolets",,,,way
"Clos des Cépages",,,,way
"Clos des Cerisiers",,,,way
"Clos des Chouettes",,,,way
"Clôs des Clématites",,,,way
"Clôs des Côteaux",,,,way
"Clos des Epilobes",,,,way
"Clos des Étourneaux",,,,way
"Clos des Francs",,,,way
"Clos des Grives",,,,way
"Clos des Hirondelles",,,,way
"Clos des Lauriers",,,,way
"Clos des Lys Sauvages",,,,way
"Clos des Mésanges",,,,way
"Clos des Moineaux",,,,way
"Clos des Rocailles",,,,way
"Clos des Roches",,,,way
"Clos des Sarts",,,,way
"Clos des Serins",,,,way
"Clos des Vendanges",,,,way
"Clos du Bois Rossia",,,,way
"Clos du Buley",,,,way
"Clos du Chaurnoi",,,,way
"Clos du Pré Madame",,,,way
"Coin du Mur",,,,way
"Comognes de Jambes",,,,way
"Comognes de Loyers",,,,way
"Comognes de Suarlée",,,,way
"Comognes de Temploux",,,,way
"Comognes de Wierde",,,,way
"Cortil Brûlé",,,,way
Cortil-Waha,,,,way
"Domaine de l'Espinette",,,,way
"Domaine de la Fraternité",,,,way
"Domaine du Bois de Néverlée",,,,way
"Drève Boninas",,,,way
"Drève Flovana",,,,way
"Drève Vulpilio",,,,way
"Drève de Jette-Foolz",,,,way
"Drève du Parc d'Erpent",,,,way
"È l'Sewe",,,,way
"Ecluse de Hastière",,,,way
"En Clivau",,,,way
"Escalier des Degrés",,,,way
Esplanade,,,,way
"Esplanade Saint-Pierre au Château",,,,way
"Esplanade du Bon Air",,,,way
"Ferme Moreau",,,,way
"Ferme du Château",,,,way
"Ferme du Tronquoy",,,,way
"Fond de Bouge",,,,way
"Fond de Champion",,,,way
"Fond de Malonne",,,,way
"Fond de Tienne",,,,way
"Fond des Bas Prés",,,,way
"Fond des Rosiats",,,,way
"Fond du Hairice",,,,way
"Fond du Village",,,,way
"Fonds de Dave",,,,way
"Fonds des Chênes",,,,way
"Forum de la Notre de dame de Paix",,,,way
"Fosse Al'Dièle",,,,way
"Fosse Al'Teroule",,,,way
"Fosse au Sauvlon",,,,way
"GR 126",,,,way
"Galerie Jardin d'Harscamp",,,,way
"Galerie Saint-Joseph",,,,way
Golgotha,,,,way
Grand-Rue,,,,way
"Haie des Pauvres",,,,way
"Haut de Bomel",,,,way
Haute-Fontaine,,,,way
Hautes-Calenges,,,,way
"Impasse Rose",,,,way
"Impasse d'Harscamp",,,,way
"Impasse de l'Amigo",,,,way
"Impasse des Comognîs",,,,way
"Impasse des Eaux",,,,way
"Impasse du Cordonnier",,,,way
"Impasse du Pont",,,,way
"Impasse du Tilleul",,,,way
"Jaune Voie",,,,way
L'Enjambée,,,,way
"La Charmille",,,,way
"La Fontaine-Champ-Hard",,,,way
"La Fontaine-Champ-Hard / GR 126",,,,way
"La Sente",,,,way
"La Voie qui Monte",,,,way
"La piste cyclable qui sert à faire augmenter les statistiques de la commune de  Namur",,,,way
"Le Pays de Liège - Payis d'Lîdje",,,,way
"Le Val Vert",,,,way
"Les Hauts de Meuse",,,,way
"Les Marlères",,,,way
"Les Potales",,,,way
"Les Trîs",,,,way
"Les Trois Bonniers",,,,way
"Li P'tite Griplote",,,,way
"Longue Voie",,,,way
"Marché Saint-Remy",,,,way
"Marché au Chanvre",,,,way
"Mauvais Trî-Mwais Trî",,,,way
"Mont de Beez",,,,way
"Montagne Sainte Barbe",,,,way
"Montagne d'Hastedon",,,,way
"Noûri Cortil",,,,way
"Nouveau Chemin de Saint-Marc",,,,way
"Nouvelle Route de Suarlée",,,,way
"Pachi Zabette",,,,way
"Paradis des Lièvres",,,,way
"Parc Astrid",,,,way
"Passage d'Herbatte",,,,way
"Passage d'Heuvy",,,,way
"Passage de l'Atelier",,,,way
"Passage de la Gare",,,,way
"Passerelle Saint-Aubain",,,,way
"Passerelle d'Herbatte",,,,way
"Pays-Liège-Payis d'Lîdje",,,,way
"Petit Sentier",,,,way
"Petite Rue",,,,way
"Pîsinte del Tayète",,,,way
"Pîsinte del Tère al Mauvelète",,,,way
"Pîsinte dès Dièleûs",,,,way
"Pîsinte dès Djinièsses",,,,way
"Pîsinte do P'tit Bwè",,,,way
"Pîsinte do Pré Cap",,,,way
"Place Abbé Joseph André",,,,way
"Place Albert Ier",,,,way
"Place André Ryckmans",,,,way
"Place Arthur Borlée",,,,way
"Place Berthezène",,,,way
"Place Brunehaut",,,,way
"Place Chanoine Descamps",,,,way
"Place Chapelle",,,,way
"Place François Bovesse",,,,way
"Place Froidebise",,,,way
"Place Gustave Falmagne",,,,way
"Place Jacques Madelin",,,,way
"Place Jean de Flandre",,,,way
"Place José Romain",,,,way
"Place Joséphine Charlotte",,,,way
"Place Kegeljan",,,,way
"Place Léopold",,,,way
"Place Louise Godin",,,,way
"Place Marché aux Légumes",,,,way
"Place Maurice Servais",,,,way
"Place Monseigneur Heylen",,,,way
"Place Notre-Dame de la Paix",,,,way
"Place Saint-Aubain",,,,way
"Place Sainte-Marguerite",,,,way
"Place Vicaire Edmond Servais",,,,relation
"Place Victor Cornet",,,,way
"Place Wiertz",,,,way
"Place Willy Dieudonné",,,,way
"Place d'Armes",,,,way
"Place d'Hastedon",,,,way
"Place d'Omalius",,,,way
"Place de Berck-sur-Mer",,,,way
"Place de Longuenesse",,,,way
"Place de Québec",,,,way
"Place de Saint-Marc",,,,way
"Place de l'Ange",,,,way
"Place de l'École des Cadets",,,,way
"Place de l'Ecole du Génie",,,,way
"Place de la Station",,,,way
"Place de la Wallonie",,,,way
"Place des Célestines",,,,way
"Place des Chevaliers avec Glaives",,,,way
"Place des Jardins de Baseilles",,,,way
"Place des Tilleuls",,,,way
"Place do Bia Bouquet",,,,way
"Place du 150ème Anniversaire",,,,way
"Place du Carillon",,,,way
"Place du Chapître",,,,way
"Place du Couvent",,,,way
"Place du Fort de Dave",,,,way
"Place du Huit Mai",,,,way
"Place du Malpas",,,,way
"Place du Palais de Justice",,,,way
"Place du Terminus",,,,way
"Place du Théâtre",,,,way
"Place du Vierly",,,,way
"Place l'Ilon",,,,way
"Plateau du Tram",,,,way
"Pont de France",,,,way
"Pont de Wépion",,,,way
"Pont de l'Évêché",,,,way
"Pont des Ardennes",,,,way
"Pont des Grands Malades",,,,way
"Pont des Hollandais",,,,way
"Pont des Vallées",,,,way
"Pré Lutin",,,,way
"Pré d'Alvaux",,,,way
"Pré du Stokî",,,,way
Pré-des-Praules,,,,way
"Promenade de Marchonvaux",,,,way
"Promenade de Meuse",,,,way
"Promenade de l’Ecluse",,,,way
"Promenade de la Douceur Mosane",,,,way
"Promenade des Terres Anciennes",,,,way
"Quai Brumagne",,,,way
"Quai Ferdinand Courtois",,,,way
"Quai de Meuse",,,,way
"Quai de Salzinnes",,,,way
"Quai de l'Abbaye",,,,way
"Quai de l'Écluse",,,,way
"Quai de l'Etoile",,,,way
"Quai des Chasseurs Ardennais",,,,way
"Quai des Joghiers",,,,way
"Quatre Gros Sous",,,,way
RAVeL,,,,way
"RAVeL 1",,,,way
"RAVeL 2",,,,way
"Rampe Verte",,,,way
"Rampe du Comte Albert II",,,,way
"Rempart de la Vierge",,,,way
"Rivage de Meuse",,,,way
"Rond-Point Michel Thonard",,,,way
"Rond-Point d'Herbatte",,,,way
"Rond-Point de Bomel",,,,way
"Rond-Point du Grognon",,,,way
"Rond-Point du Nord",,,,way
"Route Merveilleuse",,,,way
"Route Militaire",,,,way
"Route Nouvelle",,,,way
"Route Royale",,,,way
"Route d'Insepré",,,,way
"Route de Floreffe",,,,way
"Route de Hannut",,,,way
"Route de Louvain-la-Neuve",,,,way
"Route de Marche les Dames",,,,way
"Route de Saint-Gérard",,,,way
"Route de Spy",,,,way
"Route de Wasseiges",,,,way
"Route de la Lache",,,,way
"Route de la Navinne",,,,way
"Route des Canons",,,,way
"Route des Forts",,,,way
"Route des Isnes",,,,way
"Rue Adam",,,,way
"Rue Adolphe Bastin",,,,way
"Rue Adolphe Jardon",,,,way
"Rue Adolphe Mazy",,,,way
"Rue Adolphe Ortmans",,,,way
"Rue Adolphe Parmentier",,,,way
"Rue Adrien Lorphèvre",,,,way
"Rue Adrien de Prémorel",,,,way
"Rue Aibye",,,,way
"Rue Aimable Vigneron",,,,way
"Rue Aimable Vigneron-Colin",,,,way
"Rue Aimé Arnould",,,,way
"Rue Albert Michiels",,,,way
"Rue Alexandre Colin",,,,way
"Rue Alfred Bequet",,,,way
"Rue Alfred Brasseur",,,,way
"Rue Alfred Denis",,,,way
"Rue Alfred Junné",,,,way
"Rue Alfred Stévenne",,,,way
"Rue Alphonse Delonnoy",,,,way
"Rue Alphonse Van Gricken",,,,way
"Rue Antoine Del Marmol",,,,way
"Rue Antoine Melin",,,,way
"Rue Antoine Nélis",,,,way
"Rue Armand de Wasseige",,,,way
"Rue Arsène Grosjean",,,,way
"Rue Arthur Blairon",,,,way
"Rue Arthur Joseph Piersotte",,,,way
"Rue Arthur Mahaux",,,,way
"Rue Artoisenet",,,,way
"Rue Asty-Moulin",,,,way
"Rue Auguste Dandoy",,,,way
"Rue Auguste Leblanc",,,,way
"Rue Auguste Lebrun",,,,way
"Rue Auguste Maquet",,,,way
"Rue Aux Ruwales",,,,way
"Rue Badoux",,,,way
"Rue Baivy",,,,way
"Rue Balthasar-Florence",,,,way
"Rue Bas de la Place",,,,way
"Rue Basil Dziky",,,,way
"Rue Basse",,,,way
"Rue Basse Chaussée",,,,way
"Rue Basse Chaussée - Rue de Cognelée",,,,way
"Rue Basse Marcelle",,,,way
"Rue Basse Neuville",,,,way
"Rue Bel Horizon",,,,way
"Rue Belle-Vue",,,,way
"Rue Bertrand Janquin",,,,way
"Rue Betsy Castreman",,,,way
"Rue Blondeau",,,,way
"Rue Bois d'Esneux",,,,way
"Rue Bois de Boquet",,,,way
"Rue Bois de Dave",,,,way
"Rue Bois de Lahaut",,,,way
"Rue Bois de Wellenne",,,,way
"Rue Bois des Maires",,,,way
"Rue Bord de l'Eau",,,,way
"Rue Borgnet",,,,way
"Rue Bosret",,,,way
"Rue Bossimé",,,,way
"Rue Bourgmestre Fernand Colon",,,,way
"Rue Bout du Village",,,,way
"Rue Bruno",,,,way
"Rue Camille Charlier",,,,way
"Rue Camille Dessenius",,,,way
"Rue Camille Godefroid",,,,way
"Rue Camille Hennuy",,,,way
"Rue Capitaine Aviateur Jacquet",,,,way
"Rue Capitaine Jomouton",,,,way
"Rue Carrière Garot",,,,way
"Rue Carrières du Fayt",,,,way
"Rue Catherine de Savoie",,,,way
"Rue Champêtre",,,,way
"Rue Champs-de-Malonne",,,,way
"Rue Charles Bilquin",,,,way
"Rue Charles Bouvier",,,,way
"Rue Charles Degalan",,,,way
"Rue Charles Karler",,,,way
"Rue Charles Lamquet",,,,way
"Rue Charles Simon",,,,way
"Rue Charles Wérotte",,,,way
"Rue Charles Zoude",,,,way
"Rue Château de Flawinne",,,,way
"Rue Château des 4 Seigneurs",,,,way
"Rue Château des Balances",,,,way
"Rue Chaudes-Voies",,,,way
"Rue Chevalier David",,,,way
"Rue Clément Noël",,,,way
"Rue Commandant Materne",,,,way
"Rue Commandant Tilot",,,,way
"Rue Courte",,,,way
"Rue Courtenay",,,,way
"Rue Coutelier Mathieu",,,,way
"Rue Dachet",,,,way
"Rue Del'Grète",,,,way
"Rue Delcarte",,,,way
"Rue Deldime",,,,way
"Rue Deloge",,,,way
"Rue Delvaux",,,,way
"Rue Denis-Georges Bayar",,,,way
"Rue Derenne-Deldinne",,,,way
"Rue Désiré Chaboteau",,,,way
"Rue Désiré Sorée",,,,way
"Rue Dewez",,,,way
"Rue Dieudonnée Morel",,,,way
"Rue Dix-Bonniers",,,,way
"Rue Docteur Haibe",,,,way
"Rue Docteur Willy Peers",,,,way
"Rue Dohet",,,,way
"Rue Don Juan d'Autriche",,,,way
"Rue Duhainaut",,,,way
"Rue Dupont",,,,way
"Rue Edmond Delahaut",,,,way
"Rue Edmond Tillieux",,,,way
"Rue Édouard Binamé - Ry de Flandre",,,,way
"Rue Édouard Ronvaux",,,,way
"Rue Elie Puissant",,,,way
"Rue Émile Cuvelier",,,,way
"Rue Emile Dessenius",,,,way
"Rue Emile Marnach",,,,way
"Rue Emile Mazy",,,,way
"Rue Emile Melchior",,,,way
"Rue Emile Vandervelde",,,,way
"Rue Ernest Aléaume",,,,way
"Rue Ernest Antoine",,,,way
"Rue Ernest Deprez",,,,way
"Rue Ernest Moëns",,,,way
"Rue Ernotte",,,,way
"Rue Erpent-Val",,,,way
"Rue Es Fays",,,,way
"Rue Eugène Colignon",,,,way
"Rue Eugène Copette",,,,way
"Rue Eugène Hambursin",,,,way
"Rue Eugène Thibaut",,,,way
"Rue Félicien Deneumoustier",,,,way
"Rue Félicien Terwagne",,,,way
"Rue Félix Martin",,,,way
"Rue Félix Wodon",,,,way
"Rue Ferdinand Philippot",,,,way
"Rue Ferdinand et Albert Marinus",,,,way
"Rue Fernand Bourgeois",,,,way
"Rue Fernand Cochard",,,,way
"Rue Fernand Danhaive",,,,way
"Rue Fernand Derenne",,,,way
"Rue Fernand Hanchir",,,,way
"Rue Fernand Marchand",,,,way
"Rue Fernand Stimart",,,,way
"Rue Florent Delvaux",,,,way
"Rue Florent Dethier",,,,way
"Rue Florent Piret",,,,way
"Rue Florimond Bidron",,,,way
"Rue Fond Saint-Poirer",,,,way
"Rue Fond d'Arquet",,,,way
"Rue Fonds de Wartet",,,,way
"Rue Fonds des Maréchaux",,,,way
"Rue Fontaine des Prés",,,,way
"Rue Fort Saint-Antoine",,,,way
"Rue Fosse-à-l'Eau",,,,way
"Rue Foyer Jambois",,,,way
"Rue François Boussemanne",,,,way
"Rue François Bovesse",,,,way
"Rue François Dufer",,,,way
"Rue François Lorge",,,,way
"Rue Frères Biéva",,,,way
"Rue Fumal",,,,way
"Rue Gabriel de Moriamé",,,,way
"Rue Gabrielle Chatelain",,,,way
"Rue Galliot",,,,way
"Rue Gameda",,,,way
"Rue Général Michel",,,,way
"Rue Géniton",,,,way
"Rue Georges Attout",,,,way
"Rue Georges Davreux",,,,way
"Rue Georges Eloy",,,,way
"Rue Georges Emmanuel",,,,way
"Rue Georges Genot",,,,way
"Rue Georges Parmentier",,,,way
"Rue Georges Roquiny",,,,way
"Rue Godard",,,,way
"Rue Godefroid",,,,way
"Rue Grand Pré",,,,way
"Rue Grande",,,,way
"Rue Grandgagnage",,,,way
"Rue Grétry",,,,way
"Rue Gustave Defnet",,,,way
"Rue Gustave Guidet",,,,way
"Rue Gustave Laforge",,,,way
"Rue Gustave Verbeeck",,,,way
"Rue Guyaux",,,,way
"Rue Haie Boisnard",,,,way
"Rue Haie Francotte",,,,way
"Rue Haie du Loup",,,,way
"Rue Haie-du-Loup",,,,way
"Rue Haigneaux",,,,way
"Rue Hannah Arendt",,,,way
"Rue Haute Fitombre",,,,way
"Rue Haute Marcelle",,,,way
"Rue Haymont",,,,way
"Rue Hébar",,,,way
"Rue Hector Fontaine",,,,way
"Rue Hélène De Visscher",,,,way
"Rue Henri Blès",,,,way
"Rue Henri Burniaux",,,,way
"Rue Henri Evenepoel",,,,way
"Rue Henri Lecocq",,,,way
"Rue Henri Lemaître",,,,way
"Rue Henri Linchet",,,,way
"Rue Henry Bodart",,,,way
"Rue Henry Dandoy",,,,way
"Rue Houyoux",,,,way
"Rue Hubert Gaines",,,,way
"Rue Hugo d'Oignies",,,,way
"Rue Isidore Denison",,,,way
"Rue Jacques Dubois",,,,way
"Rue Jean Bebronne",,,,way
"Rue Jean Chalon",,,,way
"Rue Jean Ciparisse",,,,way
"Rue Jean Colin",,,,way
"Rue Jean Deremince",,,,way
"Rue Jean Fontaine",,,,way
"Rue Jean Geuvens",,,,way
"Rue Jean Gilson",,,,way
"Rue Jean Matagne",,,,way
"Rue Jean Maus",,,,way
"Rue Jean Noël",,,,way
"Rue Jean Tousseul",,,,way
"Rue Jean de Dampierre",,,,way
"Rue Jean-Baptiste Brabant",,,,way
"Rue Jean-Baptiste Fichefet",,,,way
"Rue Jean-Joseph Gaillard",,,,way
"Rue Joli Champ",,,,way
"Rue Joseph Arnould",,,,way
"Rue Joseph Calozet",,,,way
"Rue Joseph Clesse",,,,way
"Rue Joseph Dandoy",,,,way
"Rue Joseph Debehogne",,,,way
"Rue Joseph Durieux",,,,way
"Rue Joseph Eusèbe",,,,way
"Rue Joseph Grafé",,,,way
"Rue Joseph Lemineur",,,,way
"Rue Joseph Massart",,,,way
"Rue Joseph Mathieu",,,,way
"Rue Joseph Saintraint",,,,way
"Rue Joseph Schmidt",,,,way
"Rue Joseph Servais",,,,way
"Rue Joseph Vincent",,,,way
"Rue Joseph Wanet",,,,way
"Rue Joseph Warègne",,,,way
"Rue Joseph Wauters",,,,way
"Rue Jules Bordet",,,,way
"Rue Jules Bours",,,,way
"Rue Jules Delmelle",,,,way
"Rue Jules Destrée",,,,way
"Rue Jules Hamoir",,,,way
"Rue Jules Tonneau",,,,way
"Rue Julie Billiart",,,,way
"Rue Julie Dessy",,,,way
"Rue Julien Colson",,,,way
"Rue Juppin",,,,way
"Rue Kefer",,,,way
"Rue Koller",,,,way
"Rue La Haie-le-Comte",,,,way
"Rue Là-Haut",,,,way
"Rue Laide Coupe",,,,way
"Rue Lambaitienne",,,,way
"Rue Lambert-Joseph Lambillion",,,,way
"Rue Lambin",,,,way
"Rue Léandre Legros",,,,way
"Rue Léanne",,,,way
"Rue Lelièvre",,,,way
"Rue Lemercier",,,,way
"Rue Léon Lefèvre",,,,way
"Rue Léon de Moriamé",,,,way
"Rue Léopold De Hulster",,,,way
"Rue Leuchère",,,,way
"Rue Lieutenant Binamé",,,,way
"Rue Lieutenant Colonel Maniette",,,,way
"Rue Lomacensis",,,,way
"Rue Louis Albert",,,,way
"Rue Louis Debuisson",,,,way
"Rue Louis Delimoy",,,,way
"Rue Louis Haute",,,,way
"Rue Louis Hicguet",,,,way
"Rue Louis Loiseau",,,,way
"Rue Louise Colen",,,,way
"Rue Lucien Namêche",,,,way
"Rue Madame Moutot",,,,way
"Rue Major Delcourt",,,,way
"Rue Major Mascaux",,,,way
"Rue Malevez",,,,way
"Rue Marcel Héron",,,,way
"Rue Marcel Lecomte",,,,way
"Rue Marcel Vandy",,,,way
"Rue Maria de Dorlodot",,,,way
"Rue Marie Henriette",,,,way
"Rue Martin Lejeune",,,,way
"Rue Martine Bourtonbourt",,,,way
"Rue Maty",,,,way
"Rue Maurice Brossius",,,,way
"Rue Mazy",,,,way
"Rue Moncrabeau",,,,way
"Rue Moronceau",,,,way
"Rue Mottiaux",,,,way
"Rue Muzet",,,,way
"Rue Nanon",,,,way
"Rue Nelson Mandela",,,,way
"Rue Neuve",,,,way
"Rue Notre-Dame",,,,way
"Rue Notre-Dame des Champs",,,,way
"Rue Notre-Dame du Vivier",,,,way
"Rue Oscar Genot",,,,way
"Rue Oscar de Howen",,,,way
"Rue Osval Sambon",,,,way
"Rue Patenier",,,,way
"Rue Paul Janson",,,,way
"Rue Paule Bisman",,,,way
"Rue Pepin",,,,way
"Rue Père Cambier",,,,way
"Rue Petite Forêt",,,,way
"Rue Philippart",,,,way
"Rue Philippe Lobet",,,,way
"Rue Pierre Depoortere",,,,way
"Rue Pierre Houbotte",,,,way
"Rue Pierre Thomé",,,,way
"Rue Pierre du Diable",,,,way
"Rue Piret-Pauchet",,,,way
"Rue Pol Verbist",,,,way
"Rue Pôlet",,,,way
"Rue Ponty",,,,way
"Rue Pré à la Fontaine",,,,way
"Rue Pré des Manants",,,,way
"Rue Pré du Poste",,,,way
"Rue Raymond Decelle",,,,way
"Rue Raymond Gemine",,,,way
"Rue Raymond Gustin",,,,way
"Rue Raymond Museu",,,,way
"Rue Regnié-Durette",,,,way
"Rue René Copette",,,,way
"Rue René Delory",,,,way
"Rue René Lorent",,,,way
"Rue René Van Loo",,,,way
"Rue Renée Prinz",,,,way
"Rue Rinchard",,,,way
"Rue Roger Carlier",,,,way
"Rue Roger Clément",,,,way
"Rue Rogier",,,,way
"Rue Roi Chevalier",,,,way
"Rue Ruplémont",,,,way
"Rue Sainfoin",,,,way
"Rue Saint-Antoine",,,,way
"Rue Saint-Calixte",,,,way
"Rue Saint-Donat",,,,way
"Rue Saint-Fargeau-Ponthierry",,,,way
"Rue Saint-Fiacre",,,,way
"Rue Saint-Hubert",,,,way
"Rue Saint-Jacques",,,,way
"Rue Saint-Jean",,,,way
"Rue Saint-Joseph",,,,way
"Rue Saint-Loup",,,,way
"Rue Saint-Luc",,,,way
"Rue Saint-Martin",,,,way
"Rue Saint-Nicolas",,,,way
"Rue Saint-Vincent-de-Paul",,,,way
"Rue Sainte-Anne",,,,way
"Rue Sainte-Rita",,,,way
"Rue Sainte-Wivinne",,,,way
"Rue Salzinnes les Moulins",,,,way
"Rue Sans Soucis",,,,way
"Rue Saucin",,,,way
"Rue Sergent Delisse",,,,way
"Rue Simon Martin",,,,way
"Rue Simone Veil",,,,way
"Rue Simonis",,,,way
"Rue Somal",,,,way
"Rue Sous l'Église",,,,way
"Rue Sur le Try",,,,way
"Rue Sur les Roches",,,,way
"Rue Terridoule",,,,way
"Rue Théodore Baron",,,,way
"Rue Tienne Stassin",,,,way
"Rue Tillieux",,,,way
"Rue Tine Briac",,,,way
"Rue Tir de Ronet",,,,way
"Rue Tiromboise",,,,way
"Rue Trous Minières",,,,relation
"Rue Van Opré",,,,way
"Rue Vas t'y frotte",,,,way
"Rue Verte",,,,way
"Rue Victor Bemelmans",,,,way
"Rue Victor Cornet",,,,way
"Rue Victor Genot",,,,way
"Rue Victor Gilmet",,,,way
"Rue Victor Nonet",,,,way
"Rue Vigneroule",,,,way
"Rue Villana",,,,way
"Rue Visart de Bocarmé",,,,way
"Rue Wasseige",,,,way
"Rue Yolande de Namur",,,,way
"Rue Yvonne Perin",,,,way
"Rue aux Cayaux",,,,way
"Rue aux Pirettes",,,,way
"Rue aux Plantains",,,,way
"Rue aux Quatre Vents",,,,way
"Rue aux Vallées",,,,way
"Rue d'Arquet",,,,way
"Rue d'Arville",,,,way
"Rue d'Enhaive",,,,way
"Rue d'Eparmar",,,,way
"Rue d'Harscamp",,,,way
"Rue d'Insevaux",,,,way
"Rue d'Ortey",,,,way
"Rue de Bailin",,,,way
"Rue de Balart",,,,way
"Rue de Ban",,,,way
"Rue de Barabas",,,,way
"Rue de Bauce",,,,way
"Rue de Bauw",,,,way
"Rue de Bavière",,,,way
"Rue de Bayet",,,,way
"Rue de Belair",,,,way
"Rue de Bèze en Bourgogne",,,,way
"Rue de Bomel",,,,way
"Rue de Bricgniot",,,,way
"Rue de Brimez",,,,way
"Rue de Bruxelles",,,,way
"Rue de Coppin",,,,way
"Rue de Coquelet",,,,way
"Rue de Cotibeau",,,,way
"Rue de Curnolô",,,,way
"Rue de Dave",,,,way
"Rue de Fer",,,,way
"Rue de Fernelmont",,,,way
"Rue de Ferraire",,,,way
"Rue de Floriffoux",,,,way
"Rue de Forêt",,,,way
"Rue de Francquen",,,,way
"Rue de Frizet",,,,way
"Rue de Gawday",,,,way
"Rue de Gelbressée",,,,way
"Rue de Gembloux",,,,way
"Rue de Géronsart",,,,way
"Rue de Gesves",,,,way
"Rue de Geugnet",,,,way
"Rue de Gravière",,,,way
"Rue de Gueulette",,,,way
"Rue de Herdal",,,,way
"Rue de Jambes",,,,way
"Rue de Jaumaux",,,,way
"Rue de Jausse",,,,way
"Rue de Lepante",,,,way
"Rue de Limoy",,,,way
"Rue de Longeau",,,,way
"Rue de Loyers",,,,way
"Rue de Lustin",,,,way
"Rue de Maibelle",,,,way
"Rue de Maillenne",,,,way
"Rue de Maizeret",,,,way
"Rue de Malonne",,,,way
"Rue de Manstée",,,,way
"Rue de Maquelette",,,,way
"Rue de Marchonvaux",,,,way
"Rue de Marchovelette",,,,way
"Rue de Monin",,,,way
"Rue de Mosanville",,,,way
"Rue de Namêche",,,,way
"Rue de Namur",,,,way
"Rue de Naninne",,,,way
"Rue de Nanvoie",,,,way
"Rue de Néverlée",,,,way
"Rue de Petia",,,,way
"Rue de Pitteurs",,,,way
"Rue de Pontailler",,,,way
"Rue de Quinaux",,,,way
"Rue de Rangnet",,,,way
"Rue de Rhisnes",,,,way
"Rue de Sardanson",,,,way
"Rue de Sedent",,,,way
"Rue de Stari Grad",,,,way
"Rue de Tri au Baur",,,,way
"Rue de Vedrin",,,,way
"Rue de Velaine",,,,way
"Rue de Warisoulx",,,,way
"Rue de Zualart",,,,way
"Rue de l'Abbaye",,,,way
"Rue de l'Ange",,,,way
"Rue de l'Ardenne",,,,way
"Rue de l'Armée Grouchy",,,,way
"Rue de l'Arsenal",,,,way
"Rue de l'Artisanat",,,,way
"Rue de l'Aurore",,,,way
"Rue de l'Aurzie",,,,way
"Rue de l'Avenir",,,,way
"Rue de l'Avoine",,,,way
"Rue de l'Eau Vive",,,,way
"Rue de l'Échangeur",,,,way
"Rue de l'Éco-Construction",,,,way
"Rue de l'École",,,,way
"Rue de l'Économie",,,,way
"Rue de l'Église",,,,way
"Rue de l'Église de Boninne",,,,way
"Rue de l'Emprunt",,,,way
"Rue de l'Énergie",,,,way
"Rue de l'Épargne",,,,way
"Rue de l'Épeautre",,,,way
"Rue de l'Érable",,,,way
"Rue de l'Ermitage Saint-Hilaire",,,,way
"Rue de l'Escaille",,,,way
"Rue de l'Escalier",,,,way
"Rue de l'Étoile",,,,way
"Rue de l'Europe",,,,way
"Rue de l'Évêché",,,,way
"Rue de l'Hambraine",,,,way
"Rue de l'Herbage",,,,way
"Rue de l'Horlaine",,,,way
"Rue de l'Industrie",,,,way
"Rue de l'Innovation",,,,way
"Rue de l'Inquiétude",,,,way
"Rue de l'Institut",,,,way
"Rue de l'Intérieur",,,,way
"Rue de l'Orjo",,,,way
"Rue de l'Ouvrage",,,,way
"Rue de l'Yser",,,,way
"Rue de la Basse Sambre",,,,way
"Rue de la Blende",,,,way
"Rue de la Bosna",,,,way
"Rue de la Boulangerie",,,,way
"Rue de la Bourgogne",,,,way
"Rue de la Boverie",,,,way
"Rue de la Brigade Piron",,,,way
"Rue de la Bruyère Fleurie",,,,way
"Rue de la Cassette",,,,way
"Rue de la Chapelle",,,,way
"Rue de la Chapelle Lessire",,,,way
"Rue de la Chapelle Saint-Donat",,,,way
"Rue de la Chapelle d'Enhaive",,,,way
"Rue de la Cheminée",,,,way
"Rue de la Chênaie",,,,way
"Rue de la Cité",,,,way
"Rue de la Cointe",,,,way
"Rue de la Colline",,,,way
"Rue de la Confiturerie",,,,way
"Rue de la Converterie",,,,way
"Rue de la Crête",,,,way
"Rue de la Croix",,,,way
"Rue de la Croix Rouge",,,,way
"Rue de la Cure de Saint-Marc",,,,way
"Rue de la Dierlaire",,,,way
"Rue de la Dodane",,,,way
"Rue de la Drève",,,,way
"Rue de la Drina",,,,way
"Rue de la Faisanderie",,,,way
"Rue de la Falise",,,,way
"Rue de la Ferme de Ronet",,,,way
"Rue de la Fontaine",,,,way
"Rue de la Fontaine Colin",,,,way
"Rue de la Fossette",,,,way
"Rue de la Gaillarde",,,,way
"Rue de la Galène",,,,way
"Rue de la Gare Fleurie",,,,way
"Rue de la Gare de Cognelée",,,,way
"Rue de la Gare de Naninne",,,,way
"Rue de la Garenne",,,,way
"Rue de la Grande Campagne",,,,way
"Rue de la Grande Sambresse",,,,way
"Rue de la Grotte",,,,way
"Rue de la Guilitte",,,,way
"Rue de la Haie-Lorrain",,,,way
"Rue de la Halle",,,,way
"Rue de la Haube",,,,way
"Rue de la Hesbaye",,,,way
"Rue de la Jachère",,,,way
"Rue de la Jonquière",,,,way
"Rue de la Justice",,,,way
"Rue de la Keuture",,,,way
"Rue de la Libération",,,,way
"Rue de la Longue Haie",,,,way
"Rue de la Luzerne",,,,way
"Rue de la Majolique",,,,way
"Rue de la Marjolaine",,,,way
"Rue de la Monnaie",,,,way
"Rue de la Montagne",,,,way
"Rue de la Morava",,,,way
"Rue de la Nature",,,,way
"Rue de la Pavée",,,,way
"Rue de la Pêcherie",,,,way
"Rue de la Pépinière",,,,way
"Rue de la Perche",,,,way
"Rue de la Picardie",,,,way
"Rue de la Pinède",,,,way
"Rue de la Plage",,,,way
"Rue de la Pologne",,,,way
"Rue de la Porcelaine",,,,way
"Rue de la Poteresse",,,,way
"Rue de la Poudrière",,,,way
"Rue de la Première Armée Américaine",,,,way
"Rue de la Prévoyance",,,,way
"Rue de la Pyrite",,,,way
"Rue de la Rêche-terre",,,,way
"Rue de la Reine",,,,way
"Rue de la Résistance",,,,way
"Rue de la Roche à l'Argent",,,,way
"Rue de la Rose des Vents",,,,way
"Rue de la Sapinette",,,,way
"Rue de la Sapinière",,,,way
"Rue de la Sarasse",,,,way
"Rue de la Sarriette",,,,way
"Rue de la Save",,,,way
"Rue de la Scopellerie",,,,way
"Rue de la Sitrée",,,,way
"Rue de la Soeur Jeanne",,,,way
"Rue de la Source",,,,way
"Rue de la Taillette",,,,way
"Rue de la Tisza",,,,way
"Rue de la Tour",,,,way
"Rue de la Valérianne",,,,way
"Rue de la Vannerie",,,,way
"Rue de la Varenne",,,,way
"Rue de la Véronique",,,,way
"Rue de la Vieille Croix",,,,way
"Rue de la Vieille Eglise",,,,way
"Rue de la Vigne",,,,way
"Rue de la gare de Naninne",,,,way
"Rue des Acquises",,,,way
"Rue des Alisiers",,,,way
"Rue des Anémones",,,,way
"Rue des Anges",,,,way
"Rue des Anthémis",,,,way
"Rue des Arbalétriers",,,,way
"Rue des Aubépines",,,,way
"Rue des Aulnes",,,,way
"Rue des Azalées",,,,way
"Rue des Baiwes",,,,way
"Rue des Balaives",,,,way
"Rue des Baliveaux",,,,way
"Rue des Balsamines",,,,way
"Rue des Bas Prés",,,,way
"Rue des Baseilles",,,,way
"Rue des Bégonias",,,,way
"Rue des Bigarreaux",,,,way
"Rue des Blanchisseries",,,,way
"Rue des Bluets",,,,way
"Rue des Bolettes",,,,way
"Rue des Bosquets",,,,way
"Rue des Bouchers",,,,way
"Rue des Bourgeois",,,,way
"Rue des Boutons d'Or",,,,way
"Rue des Brandons",,,,way
"Rue des Brasseurs",,,,way
"Rue des Brigades d'Irlande",,,,way
"Rue des Broux",,,,way
"Rue des Bruyères",,,,way
"Rue des Bugranes",,,,way
"Rue des Campagnes",,,,way
"Rue des Campanules",,,,way
"Rue des Camps",,,,way
"Rue des Carmes",,,,way
"Rue des Carrières",,,,way
"Rue des Casernes",,,,way
"Rue des Champs",,,,way
"Rue des Champs Verts",,,,way
"Rue des Chardonnerets",,,,way
"Rue des Charmes",,,,way
"Rue des Charmilles",,,,way
"Rue des Châtaigniers",,,,way
"Rue des Chênes",,,,way
"Rue des Chicorées",,,,way
"Rue des Cognassiers",,,,way
"Rue des Colonies",,,,way
"Rue des Combattants de Beez",,,,way
"Rue des Combattants de Saint-Marc",,,,way
"Rue des Coquelicots",,,,way
"Rue des Cormiers",,,,way
"Rue des Cortils",,,,way
"Rue des Cotelis Jambois",,,,way
"Rue des Crécerelles",,,,way
"Rue des Criquets",,,,way
"Rue des Crocus",,,,way
"Rue des Croisiers",,,,way
"Rue des Cultures",,,,way
"Rue des Cyclamens",,,,way
"Rue des Cyprès",,,,way
"Rue des Dalhias",,,,way
"Rue des Dames Blanches",,,,way
"Rue des Déportés",,,,way
"Rue des Dièleux",,,,way
"Rue des Dominicaines",,,,way
"Rue des Échasseurs",,,,way
"Rue des Écureuils",,,,way
"Rue des Églantiers",,,,way
"Rue des Églantines",,,,way
"Rue des Emaillés",,,,way
"Rue des Endives",,,,way
"Rue des Engoulevents",,,,way
"Rue des Entrepreneurs",,,,way
"Rue des Ermites",,,,way
"Rue des Étourneaux",,,,way
"Rue des Faines",,,,way
"Rue des Faucons",,,,way
"Rue des Fermiers",,,,way
"Rue des Feux-Follets",,,,way
"Rue des Filles de Meuse",,,,way
"Rue des Flawnées",,,,way
"Rue des Fonds de Dave",,,,way
"Rue des Forsythias",,,,way
"Rue des Fosses",,,,way
"Rue des Fossés Fleuris",,,,way
"Rue des Fosses à Plomb",,,,way
"Rue des Fougères",,,,way
"Rue des Fours à Chaux",,,,way
"Rue des Fraisières",,,,way
"Rue des Fraisiers",,,,way
"Rue des Framboises",,,,way
"Rue des Frênes",,,,way
"Rue des Fripiers",,,,way
"Rue des Fuchsias",,,,way
"Rue des Gaulettes",,,,way
"Rue des Géraniums",,,,way
"Rue des Gerboises",,,,way
"Rue des Giroflées",,,,way
"Rue des Glaïeuls",,,,way
"Rue des Grands Malades",,,,way
"Rue des Grands Terrains",,,,way
"Rue des Granges",,,,way
"Rue des Grimpereaux",,,,way
"Rue des Griottes",,,,way
"Rue des Grosses Pierres",,,,way
"Rue des Guérets",,,,way
"Rue des Haillettes",,,,way
"Rue des Hayettes",,,,way
"Rue des Hêtres",,,,way
"Rue des Hortensia",,,,way
"Rue des Hottes",,,,way
"Rue des Houblonnières",,,,way
"Rue des Ifs",,,,way
"Rue des Inhauts",,,,way
"Rue des Iris",,,,way
"Rue des Jacinthes",,,,way
"Rue des Jardins",,,,way
"Rue des Joncs",,,,way
"Rue des Jonquilles",,,,way
"Rue des Lamiers",,,,way
"Rue des Lauriers",,,,way
"Rue des Lévriers",,,,way
"Rue des Libérateurs",,,,way
"Rue des Limites",,,,way
"Rue des Linottes",,,,way
"Rue des Liserons",,,,way
"Rue des Magnolias",,,,way
"Rue des Maraîchers",,,,way
"Rue des Martins-Pêcheurs",,,,way
"Rue des Masuis Jambois",,,,way
"Rue des Mésanges",,,,way
"Rue des Mésanges Bleues",,,,way
"Rue des Métiers",,,,way
"Rue des Meuniers",,,,way
"Rue des Mille Fleurs",,,,way
"Rue des Millepertuis",,,,way
"Rue des Mimosas",,,,way
"Rue des Minières",,,,way
"Rue des Monastères",,,,way
"Rue des Morgelines",,,,way
"Rue des Mûriers",,,,way
"Rue des Musaraignes",,,,way
"Rue des Myosotis",,,,way
"Rue des Myrtilles",,,,way
"Rue des Nacelles",,,,way
"Rue des Narcisses",,,,way
"Rue des Nobles",,,,way
"Rue des Noisetiers",,,,way
"Rue des Nolettes",,,,way
"Rue des Noyers",,,,way
"Rue des Oeillets",,,,way
"Rue des Pacages",,,,way
"Rue des Pâquerettes",,,,way
"Rue des Passereaux",,,,way
"Rue des Pavots",,,,way
"Rue des Pensées des Champs",,,,way
"Rue des Perce-Neige",,,,way
"Rue des Perdrix",,,,way
"Rue des Pétunias",,,,way
"Rue des Peupliers",,,,way
"Rue des Phlox",,,,way
"Rue des Pieds d'Alouette",,,,way
"Rue des Pierres Blanches",,,,way
"Rue des Pigeons",,,,way
"Rue des Pins Sylvestres",,,,way
"Rue des Pinsons",,,,way
"Rue des Pirailles",,,,way
"Rue des Piverts",,,,way
"Rue des Pivoines",,,,way
"Rue des Platanes",,,,way
"Rue des Pommiers",,,,way
"Rue des Ponts",,,,way
"Rue des Pouillots",,,,way
"Rue des Prairies",,,,way
"Rue des Prêles",,,,way
"Rue des Prés",,,,way
"Rue des Prisonniers de Guerre",,,,way
"Rue des Pruniers",,,,way
"Rue des Quartiers",,,,way
"Rue des Quatre Fils Aymon",,,,way
"Rue des Quatre Maisons",,,,way
"Rue des Quatre Saisons",,,,way
"Rue des Ramiers",,,,way
"Rue des Ravins",,,,way
"Rue des Reines des Prés",,,,way
"Rue des Reines-Marguerites",,,,way
"Rue des Rèlîs Namurwès",,,,way
"Rue des Renoncules",,,,way
"Rue des Résistants",,,,way
"Rue des Rochettes",,,,way
"Rue des Roses",,,,way
"Rue des Roses Trémières",,,,way
"Rue des Rossignols",,,,way
"Rue des Rouges Gorges",,,,way
"Rue des Rys",,,,way
"Rue des Salamandres",,,,way
"Rue des Sansonnets",,,,way
"Rue des Sarazins",,,,way
"Rue des Sarcelles",,,,way
"Rue des Sarpettes",,,,way
"Rue des Sautes",,,,way
"Rue des Scabieuses",,,,way
"Rue des Sorbiers",,,,way
"Rue des Souchets",,,,way
"Rue des Swagnes",,,,way
"Rue des Tamaris",,,,way
"Rue des Tanneries",,,,way
"Rue des Tarins",,,,way
"Rue des Tautîs",,,,way
"Rue des Tombales",,,,way
"Rue des Tourterelles",,,,way
"Rue des Trappes",,,,way
"Rue des Troènes",,,,way
"Rue des Trois Piliers",,,,way
"Rue des Ursulines",,,,way
"Rue des VII Vôyes",,,,way
"Rue des Vanneaux",,,,way
"Rue des Verdiers",,,,way
"Rue des Verreries",,,,way
"Rue des Verriers",,,,way
"Rue des Viaux",,,,way
"Rue des Vieux Sarts",,,,way
"Rue des Violettes",,,,way
"Rue des Vivis",,,,way
"Rue des XIV Bonniers",,,,way
"Rue des Zinnias",,,,way
"Rue du Bailly",,,,way
"Rue du Banc de Pierre",,,,way
"Rue du Barrage",,,,way
"Rue du Bas-Daussoulx",,,,way
"Rue du Bastion",,,,way
"Rue du Bataillon des Canaris",,,,way
"Rue du Beau Site",,,,way
"Rue du Beau-Vallon",,,,way
"Rue du Beffroi",,,,way
"Rue du Belvédère",,,,way
"Rue du Blanc-Bois",,,,way
"Rue du Blé d'Or",,,,way
"Rue du Bois Cerisier",,,,way
"Rue du Bois Communal",,,,way
"Rue du Bois Noust",,,,way
"Rue du Bois des Moines",,,,way
"Rue du Bois des Moines - Rue Belle-Vue",,,,way
"Rue du Bois du Falji",,,,way
"Rue du Bord du Bois",,,,way
"Rue du Bouquet",,,,way
"Rue du Bransart",,,,way
"Rue du Broctia / GR 126",,,,way
"Rue du Brondia",,,,way
"Rue du Calvaire",,,,way
"Rue du Centenaire",,,,way
"Rue du Centre",,,,way
"Rue du Chafour",,,,way
"Rue du Charron",,,,way
"Rue du Château de Dave",,,,way
"Rue du Château de Saint-Marc",,,,way
"Rue du Château de Suarlée",,,,way
"Rue du Chaufour",,,,way
"Rue du Chêne-vert",,,,way
"Rue du Chepson",,,,way
"Rue du Chèvrefeuille",,,,way
"Rue du Cimetière",,,,way
"Rue du Clair Val",,,,way
"Rue du Cléchene",,,,way
"Rue du Clinchamp",,,,way
"Rue du Closeau",,,,way
"Rue du Coin",,,,way
"Rue du Collège",,,,way
"Rue du Corso Fleuri",,,,way
"Rue du Coudrier",,,,way
"Rue du Couvent",,,,way
"Rue du Curé",,,,way
"Rue du Curé Hiernaux",,,,way
"Rue du Danube",,,,way
"Rue du Deuxième Chasseurs",,,,way
"Rue du Déversoir",,,,way
"Rue du Fayt",,,,way
"Rue du Fenouil",,,,way
"Rue du Fond du Maréchal",,,,way
"Rue du Fort",,,,way
"Rue du Fort d'Andoy",,,,way
"Rue du Fort d'Emines",,,,way
"Rue du Fort de Cognelée",,,,way
"Rue du Fort de Dave",,,,way
"Rue du Fort de Suarlée",,,,way
"Rue du Garde",,,,way
"Rue du Gaumetia",,,,way
"Rue du Genévrier",,,,way
"Rue du Grand Cortil",,,,way
"Rue du Grand Feu",,,,way
"Rue du Grand Tableau",,,,way
"Rue du Grand Taillis",,,,way
"Rue du Grand Tige",,,,way
"Rue du Grand-Babin",,,,way
"Rue du Grognon",,,,way
"Rue du Hameau",,,,way
"Rue du Haut Plateau",,,,way
"Rue du Haut Pré",,,,way
"Rue du Haut-Bois",,,,way
"Rue du Hazoir",,,,way
"Rue du Hierdau",,,,way
"Rue du Houx",,,,way
"Rue du Houyoux",,,,way
"Rue du Jasmin",,,,way
"Rue du Landoir",,,,way
"Rue du Lombard",,,,way
"Rue du Long-Sart",,,,way
"Rue du Mai",,,,way
"Rue du Marché",,,,way
"Rue du Marcotia",,,,way
"Rue du Maréchal",,,,way
"Rue du Mauvais Tri",,,,way
"Rue du Moinil",,,,way
"Rue du Moligna",,,,way
"Rue du Mont",,,,way
"Rue du Moulin",,,,way
"Rue du Moulin de Meuse",,,,way
"Rue du Moulin-Lavigne",,,,way
"Rue du Moulin-Somal",,,,way
"Rue du Muguet",,,,way
"Rue du Nouveau Monde",,,,way
"Rue du Pairibonnier",,,,way
"Rue du Paradis",,,,way
"Rue du Parc de Saint-Marc",,,,way
"Rue du Parc des Roches",,,,way
"Rue du Passage d'Eau",,,,way
"Rue du Pavillon",,,,way
"Rue du Paysage",,,,way
"Rue du Père Pire",,,,way
"Rue du Perseau",,,,way
"Rue du Petit Bois",,,,way
"Rue du Petit Draçon",,,,way
"Rue du Petit Tige",,,,way
"Rue du Petit-Babin",,,,way
"Rue du Petit-Clinchamp",,,,way
"Rue du Petit-Hus",,,,way
"Rue du Petit-Ry",,,,way
"Rue du Pied Noir",,,,way
"Rue du Piroy",,,,way
"Rue du Plateau",,,,way
"Rue du Plateau d'Hastedon",,,,way
"Rue du Pommier Sauvage",,,,way
"Rue du Poncia",,,,way
"Rue du Pont",,,,way
"Rue du Pont de Bois",,,,way
"Rue du Pont des Ardennes",,,,way
"Rue du Porson",,,,way
"Rue du Pré Collet",,,,way
"Rue du Pré-au-Loup",,,,way
"Rue du Premier Lanciers",,,,way
"Rue du Presbytère de Bouge",,,,way
"Rue du Président",,,,way
"Rue du Progrès",,,,way
"Rue du Puits",,,,way
"Rue du Quai",,,,way
"Rue du Quatrième Génie",,,,way
"Rue du Quinque",,,,way
"Rue du Ranimé",,,,way
"Rue du Raurais",,,,way
"Rue du Ravel",,,,way
"Rue du Réemploi",,,,way
"Rue du Repos",,,,way
"Rue du Réservoir",,,,way
"Rue du Rivage",,,,way
"Rue du Rond Chêne",,,,way
"Rue du Ruisseau",,,,way
"Rue du Sabotier",,,,way
"Rue du Sanctuaire",,,,way
"Rue du Sart-Hulet",,,,way
"Rue du Saucy",,,,way
"Rue du Saule",,,,way
"Rue du Séminaire",,,,way
"Rue du Sergent Benoît",,,,way
"Rue du Silex",,,,way
"Rue du Spinia",,,,way
"Rue du Suary",,,,way
"Rue du Sureau",,,,way
"Rue du Tan",,,,way
"Rue du Tivoli",,,,way
"Rue du Tombois",,,,way
"Rue du Tournoir",,,,way
"Rue du Travail",,,,way
"Rue du Trèfle",,,,way
"Rue du Treizième de Ligne",,,,way
"Rue du Tri au Baur",,,,way
"Rue du Triangle",,,,way
"Rue du Tronquoy",,,,way
"Rue du Trou du Loup",,,,way
"Rue du Try",,,,way
"Rue du Vallon",,,,way
"Rue du Viaduc",,,,way
"Rue du Vierly",,,,way
"Rue du Vieux Bon Dieu",,,,way
"Rue du Vieux Chêne",,,,way
"Rue du Vieux Fermier",,,,way
"Rue du Village",,,,way
"Rue du Vivier",,,,way
"Rue du Wisconsin",,,,way
"Rue du chalet",,,,way
"Rue et Place Saint-Calixte",,,,way
"Rue les Tiennes",,,,way
"Ruelle Brûlée",,,,way
"Ruelle Fay",,,,way
"Ruelle Jean-Pierre",,,,way
"Ruelle Lagasse",,,,way
"Ruelle Marique / GR 126",,,,way
"Ruelle Messieurs",,,,way
"Ruelle Mouchon",,,,way
"Ruelle Ninin",,,,way
"Ruelle Sana",,,,way
"Ruelle Tombu",,,,way
"Ruelle aux Loups",,,,way
"Ruelle de l'Enfer",,,,way
"Ruelle de la Fosse",,,,way
"Ruelle du Mont Ardoux",,,,way
"Ruelle du Secrétaire",,,,way
"Ruelle du Tir",,,,way
"Ry de Flandre",,,,way
"Sart des Bruaux",,,,way
"Sentier 105",,,,way
"Sentier 106",,,,way
"Sentier 58",,,,way
"Sentier 59",,,,way
"Sentier 66 selon décision de justice (octobre 2020)",,,,way
"Sentier Adenet le Roi",,,,way
"Sentier Atala",,,,way
"Sentier Chateaubriand",,,,way
"Sentier Fernan Nuñez",,,,way
"Sentier Jacques André Saintonge",,,,way
"Sentier Jean Lemaire des Belges",,,,way
"Sentier Saint-Simon",,,,way
"Sentier de Boufflers",,,,way
"Sentier de Géronsart",,,,way
"Sentier de Gueugnet - Sentier n°77",,,,way
"Sentier de Saint Hilaire - Sentier n°75",,,,way
"Sentier de Sainte Wivinne",,,,way
"Sentier de Spy - Sentier n°60",,,,way
"Sentier de Spy - Sentier n°74 (Entravé)",,,,way
"Sentier de l'Octroi",,,,way
"Sentier de la Bourgogne",,,,way
"Sentier de la Bouteille",,,,way
"Sentier de la Fontaine",,,,way
"Sentier de la Sapinette",,,,way
"Sentier de la Vieille Pairelle",,,,way
"Sentier des Amoureux",,,,way
"Sentier des Bosquets",,,,way
"Sentier des Coteaux",,,,way
"Sentier du Baty de Dave",,,,way
"Sentier du Bois d'Orjo",,,,way
"Sentier du Bois de Ferraire",,,,way
"Sentier du Cornouiller",,,,way
"Sentier du Curé",,,,way
"Sentier du Gué - Sentier 66",,,,way
"Sentier du Moulin",,,,way
"Sentier du Pré de Dhoux",,,,way
"Sentier du Ratintot",,,,way
"Sentier du Ri - Sentier n°i2",,,,way
"Sentier du Ry de Dave",,,,way
"Sentier du Saucy",,,,way
"Sentier i1 (accès limité DNF)",,,,way
"Sentier i16",,,,way
"Sentier i2 (Privé)",,,,way
"Sentier i26",,,,way
"Sentier i27",,,,way
"Sentier i34",,,,way
"Sentier i4",,,,way
"Sentier i50",,,,way
"Sentier i59",,,,way
"Sentier n°64",,,,way
"Sentier privé selon décision de justice (octobre 2020)",,,,way
"Sentier vicinal 26",,,,way
"Sentier vicinal 32",,,,way
"Sentier vicinal 42",,,,way
"Sentier vicinal 45",,,,way
"Sentier vicinal 46",,,,way
"Sentier vicinal 47",,,,way
"Sentier vicinal 48",,,,way
"Sentier vicinal 48b",,,,way
"Sentier vicinal 49",,,,way
"Sentier vicinal 54b",,,,way
"Sentiers des Tombales",,,,way
"Sentiers vicinaux 55b et 30",,,,way
"Sous la Vecquée",,,,way
"Sous les Murailles",,,,way
Sous-la-Ferme,,,,way
Sous-la-Grange,,,,way
"Square Arthur Masson",,,,way
"Square de Béronvaux",,,,way
"Square de Quinaux",,,,way
"Square de la Charité sur Loire",,,,way
"Square de la Renaissance",,,,way
"Square des Gives",,,,way
"Square du Souvenir",,,,way
"Square du Tilloy",,,,way
"Su l'Tîdge",,,,way
"Sur le Crestia",,,,way
"Sur le Fond Barbette",,,,way
"Sur les Ternes",,,,way
"Taille aux Joncs",,,,way
"Taille aux Oruints",,,,way
"Taille des Sarts-Champs",,,,way
"Taille des Sarts-Grand Babin",,,,way
"Terre à l'Îpe",,,,way
"Terre au Baur",,,,way
Terre-au-Pont,,,,way
"Tienne Bara",,,,way
"Tienne Calbalasse",,,,way
"Tienne Hôla",,,,way
"Tienne Maquet",,,,way
"Tienne Saint-Roch",,,,way
"Tienne aux Bruyères",,,,way
"Tienne aux Clochers",,,,way
"Tienne aux Genêts",,,,way
"Tienne aux Pierres",,,,way
"Tienne de Bouge",,,,way
"Tienne de Ronet",,,,way
"Tienne des Biches",,,,way
Tienne-aux-Baloûches,,,,way
"Traverse des Muses",,,,way
"Trieu Colin",,,,way
"Trieu Josse",,,,way
"Trieu Martin",,,,way
"Trieu do Mont",,,,way
"Trieux des Mines",,,,way
Trieux-Scieurs,,,,way
"Trou Perdu",,,,way
"Try Jaucquet",,,,way
"Tunnel du Nord",,,,way
"Urée do Bol",,,,way
"Val Joli",,,,way
"Val des Rois",,,,way
"Venelle de l'Hôtel de Ville",,,,way
"Venelle de la Grande Forge",,,,way
"Venelle des Capucins",,,,way
"Vevy Wéron",,,,way
"Vieille Montagne de Saint-Marc",,,,way
"Vieux Chemin de Namur",,,,way
"Vieux Tienne",,,,way
"Voie de la Chasse",,,,way
"Voie des Forts",,,,way
"Voie du Tram",,,,way
"Vôye dès Tèrouleûs",,,,way
"Vôye dès Vatches",,,,way
"Vôye do P'tit Vèvî",,,,way
"route des diligences",,,,way
sentier,,,,way
"sentier 23",,,,way
"sentier 27",,,,way
"sentier 30",,,,way
"sentier 33",,,,way
"voie alpine",,,,way
"voie alpine bleue",,,,way
"voie alpine jaune",,,,way
